"","AMBIENT_TEMP.PROCESS_VALUE","BIO_1.LEVEL.PROCESS_VALUE","BIO_1.TEMPERATURE.PROCESS_VALUE","BIO_1.TSS.PROCESS_VALUE","BIO_2.LEVEL.PROCESS_VALUE","BIO_2.TEMPERATURE.PROCESS_VALUE","BIO_2.TSS.PROCESS_VALUE","BIO_BLOWER_1.FLOW.PROCESS_VALUE","BIO_BLOWER_2.FLOW.PROCESS_VALUE","MBR.AIR_SCOUR_FLOW.PROCESS_VALUE_TANK_1","MBR.AIR_SCOUR_FLOW.PROCESS_VALUE_TANK_2","MBR.AIR_SCOUR_PRESSURE.PROCESS_VALUE","MBR.AIR_SCOUR_PRESSURE.PROCESS_VALUE_1","MBR.AIR_SCOUR_PRESSURE.PROCESS_VALUE_2","MBR.BATCH_VOLUME","MBR_1.INF_FLOW.PROCESS_VALUE","MBR_1.LEVEL.PROCESS_VALUE","MBR_1.PERM_FLOW.PROCESS_VALUE","MBR_1.PERM_PRESS.PROCESS_VALUE","MBR_1.TRANS_PRESS.PROCESS_VALUE","MBR_2.INF_FLOW.PROCESS_VALUE","MBR_2.LEVEL.PROCESS_VALUE","MBR_2.PERM_FLOW.PROCESS_VALUE","MBR_2.PERM_PRESS.PROCESS_VALUE","MBR_2.TRANS_PRESS.PROCESS_VALUE","PERMEATE_TANK.CONDUCTIVITY.PROCESS_VALUE","PERMEATE_TANK.LEVEL.PROCESS_VALUE","PERMEATE_TANK.TURBIDITY.PROCESS_VALUE","RAS_TROUGH.DO.PROCESS_VALUE","RAS_TROUGH.PH.PROCESS_VALUE","RAS_TROUGH.TEMPERATURE.PROCESS_VALUE","RAS_TROUGH.TSS.PROCESS_VALUE","SEWAGE.FLOW.PROCESS_VALUE","SEWAGE.FLOW.TOTAL_BATCH","SEWAGE.LEVEL.PROCESS_VALUE","WAS_FLOW.PROCESS_VALUE"
"2017-01-27 00:09:57",51,5.044999835,56,4781,5.874999765,59,5142.5,0.1,13.8090907881818,5.4179488608547,5.27179491401709,3.73333336264957,1.88376069735043,1.84957266529915,219.91201782,9.46363657090909,9.86181796727273,1.87948720213675,14.3333334794872,0.0512820512820513,9.48181837181818,9.97636335454546,2.19145300196581,14.0709401644444,0.157264962307692,782.5,3.12999988,0.0363636363636364,0,6.4000001,58,4253.5,0,202.56016541,2.90272713,0
"2017-01-27 00:19:59",50,4.96999979,56,4769,5.9000001,59,5130,0.1,9.450000342,5.47333343783333,5.24416666825,3.7275000225,1.90166667125,1.82583335125,188.196811672,9.720000076,9.839999769,0,14.60000038,0,9.830000399,9.942999649,0.929166695,14.296666844,0,782,3.07999992,0.0335,0,6.5,58,4208,19.730000114,123.81587830475,2.782999968,0.468333347583333
"2017-01-27 00:29:56",50,5.3499999,56,4841,5.73000002,59,5052,19.680000343,0,4.96638665042017,5.73697485218487,3.7470588410084,1.73277311588235,2.01428572512605,184.00801086,9.699999905,9.877999688,0,14.60000038,0,10.060000228,9.985999774,0.928571457142857,14.2991598506723,0,782,3.06999993,0.0497,0,6.5999999,58,3970,0,202.57868958,2.815999935,0
"2017-01-27 00:39:58",50,5.4000001,56,4618,5.71000004,59,4674,7.630000076,0.01,5.824166806,4.87500006333333,3.7341666825,2.02750000375,1.70666667875,184.00801086,9.689999962,9.872999766,0,14.60000038,0,10.090000247,9.986999701,0.931666694,14.2958335075,0,781,3.06999993,0.0592,0,6.5,58,4007,0,202.57868958,2.874999885,0
"2017-01-27 00:49:55",50,5.36999989,56,4519,5.69000006,59,4857,0.1,17.420000266,4.79831940756303,5.66386559411765,3.73277312647059,1.66470588781513,1.97394959117647,184.00801086,9.660000038,9.872999765,0,14.60000038,0,9.960000228,9.982999705,0.926890785546219,14.2983195113445,0,781,3.07999992,0.0595,0,6.4000001,58,4039,0,202.57868958,2.87999988,0
"2017-01-27 00:59:57",50,5.35999966,56,4441,5.69000006,59,4859,0.1,11.580000114,5.36750010608333,5.306666692,3.75583335033333,1.87583334075,1.88000000958333,184.00801086,9.969999981,9.869999506,0,14.60000038,0,8.700000285,9.983999824,0.92500003,14.278333441,0,781,3.06999993,0.0595,0,6.4000001,58,4517,0,202.57868958,2.886999873,0
"2017-01-27 01:09:55",50,5.36999989,56,4705,5.61999989,59,4947,18.039999905,0,5.59915980117647,5.1100840607563,3.73193279117647,1.94369748907563,1.78823530210084,184.00801086,10.060000228,9.872999669,0,14.60000038,0,8.560000228,9.981999874,0.918487427563025,14.2663866168908,0,781,3.06999993,0.0586,0,6.4000001,58,4298,0,202.57868958,2.897999862,0
"2017-01-27 01:19:57",50,5.38999987,56,4488,5.58999968,59,4613,4.46,0.05,4.83416677275,5.51083339825,3.73833335733333,1.68500000875,1.93083334616667,172.67579422025,10.190000057,9.828999805,0,14.60000038,0,9.15,9.930999757,0.924166697,14.260000038,0,780,3.06999993,0.0602,0,6.4000001,58,4256,20.529999924,124.172698548083,2.779999972,0.355000003166667
"2017-01-27 01:29:59",50,5.36999989,56,4184,6.02999973,59,4649,0.1,14.400000273,5.73333345208333,4.95000002375,3.72666669,1.9875000125,1.7391666775,170.54399109,10.180000114,9.868999674,0,14.60000038,0,9.380000304,9.985999774,0.921666698,14.275000095,0,781,3.06999993,0.0581,0,6.4000001,58,3897,0,202.68196106,2.788999961,0
"2017-01-27 01:39:56",50,5.32999992,56,4218,6.05999994,59,4681,0.1,12.580000304,5.15378161,5.55798318210084,3.73109245798319,1.79159664327731,1.93949581470588,170.54399109,10.179999924,9.877999687,0,14.60000038,0,9.480000114,9.981999778,0.921848770756303,14.2739496708403,0,780,3.05999994,0.058,0,6.4000001,58,3891,0,202.68196106,2.854999901,0
"2017-01-27 01:49:58",50,5.30999994,56,4020,6.03999996,59,4339,19.140000763,0.01,5.18750010291667,5.47250006175,3.73333336658333,1.80250001616667,1.93083335041667,170.54399109,10.05000019,9.876999854,0,14.60000038,0,9.430000304,9.982999897,0.924166697,14.271666749,0,781,3.06999993,0.0581,0,6.4000001,58,3948,0,202.68196106,2.864999895,0
"2017-01-27 01:59:55",50,5.30999994,56,4018,6.02999973,59,4703,8.840000172,0.01,5.80084046546219,4.91596645042017,3.73277312647059,2.00924370504202,1.72352942142857,170.54399109,9.720000076,9.874999715,0,14.60000038,0,9.600000095,9.985999774,0.926890785546219,14.2621849202521,0,779,3.06999993,0.058,0,6.4000001,58,4430,0,202.68196106,2.8599999,0
"2017-01-27 02:09:58",50,5.25,56,4176,6.01999998,59,4636,0.1,14.190000114,4.92416679016667,5.69166672208333,3.750833351,1.72333334108333,1.99666667616667,170.54399109,9.660000038,9.869999695,0,14.60000038,0,9.85000038,9.983999728,0.915833367,14.256666692,0,780,3.06999993,0.0582,0,6.4000001,58,4236,0,202.68196106,2.8599999,0
"2017-01-27 02:19:55",50,5.21999979,56,4108,6.05999994,59,4639,0.1,9.700000238,5.57563035588235,5.06806728596639,3.73025212890756,1.94789917176471,1.78235295714286,235.035416931176,9.780000209,9.828999804,2.31680674218487,14.2890757228571,0.0621848739495798,10.080000304,9.937999822,2.40252101991597,14.066386487563,0.178991602268908,781,3.07999992,0.0582,0,6.4000001,58,4178,19.720000076,120.17486128916,2.75399995,0.429411775882353
"2017-01-27 02:29:57",49,5.5999999,56,4197,5.85999966,59,4711,15.810000229,0,5.37750011241667,5.32500001583333,3.7258333575,1.866666675,1.8591666825,251.32798767,9.689999962,9.866999816,2.93083336258333,14.2033333539167,0.0808333333333333,10.069999886,9.982999897,2.9041666675,13.9708332225,0.245833341333333,782,3.12999988,0.0413,0,6.5999999,58,3979,0,202.80215454,2.732000018,0
"2017-01-27 02:39:59",49,5.6500001,56,4322,5.76999998,59,4761,14.340000343,0.02,5.01583346475,5.572500038,3.73083335666667,1.74166667708333,1.95750001333333,251.32798767,9.679999924,9.866999817,2.95166667766667,14.1325000126667,0.0866666666666667,10.140000057,9.979999828,2.93750000191667,13.8166665241667,0.273333342083333,780,3.11999989,0.0417,0,6.5,58,3922,0,202.80215454,2.821999929,0
"2017-01-27 02:49:56",49,5.62999964,56,4358,5.67999983,59,4752,0.1,14.570000266,5.87226904487395,4.82016813428571,3.73781513823529,2.04369748361345,1.69411765462185,251.32798767,9.620000076,9.861999799,2.90252102613445,14.1285714461345,0.0848739495798319,9.980000209,9.984999751,2.93193277823529,13.9344536761345,0.251260512184874,781,3.07999992,0.039,0,6.5,58,3953,0,202.80215454,2.860999899,0
"2017-01-27 02:59:58",49,5.62999964,56,4285,5.61999989,59,4844,0.1,9.230000114,5.00666673158333,5.61666672208333,3.74250000958333,1.75249999958333,1.95833334375,251.32798767,9.520000266,9.858999826,2.93000003091667,14.2033333618333,0.08,9.470000361,9.976999663,2.93750000366667,13.960833232,0.249166674666667,782,3.01999998,0.0367,0,6.5,58,4398,0,202.80215454,2.8599999,0
"2017-01-27 03:09:55",50,5.61999989,56,4403,5.50999975,59,4936,16.36000042,0.01,5.38151269764706,5.18655466815126,3.75126052369748,1.89159665235294,1.82773109865546,251.32798767,9.540000247,9.865999699,0.87226891697479,14.4857144789076,0.0218487394957983,9.380000399,9.990999793,0.922689076722689,14.2352942852941,0.0781512631092437,782,3.12999988,0.0332,0,6.5,58,4173,0,202.80215454,2.8589999,0
"2017-01-27 03:19:57",50,5.65999985,56,4409,5.46000004,59,4743,9.770000076,0.09,5.24500007525,5.52250008475,3.70416671208333,3.08416670708333,3.17500004333333,281.958597945417,10.05,9.821999646,2.48666670216667,14.2908335755833,0.142500003666667,9.85000038,9.936999703,2.32916673458333,14.10250012825,0.252500000333333,779,3.06999993,0.0441,0,6.4000001,58,4111,21.030000494,119.800242969083,2.739999938,0.346666685666667
"2017-01-27 03:29:59",50,5.54999971,56,4343,5.9000001,59,5077,0.1,14.26000038,5.4125000875,5.4125000875,3.69666671966667,3.69666671966667,3.69666671966667,291.72000122,10.120000266,9.873999882,3.35750006525,14.11416688675,0.2075000055,10.020000076,9.985999678,3.30416676133333,13.89750006175,0.373333334583333,783,3.12999988,0.0398,0,6.4000001,58,3919,0,202.54199219,2.687999942,0
"2017-01-27 03:39:56",50,5.44000006,56,4193,5.90999985,59,4119,0.1,13.66000019,5.40084043529412,5.40084043529412,3.69579837310924,3.69579837310924,3.69579837310924,291.72000122,10.010000038,9.872999956,3.36218494109244,14.1462187236975,0.195798323865546,9.970000171,9.987999724,3.34201688579832,13.900000075042,0.376470589243697,782,3.13999987,0.0436,0,6.4000001,58,3880,0,202.54199219,2.747000003,0
"2017-01-27 03:49:59",50,5.36999989,56,4296,5.87999964,59,4855,15.310000038,0.01,5.40333343,5.40333343,3.69750005225,3.69750005225,3.69750005225,291.72000122,9.930000304,9.86699982,3.354166726,14.1308336246667,0.186666670083333,9.780000304,9.987999724,3.338333426,13.9083333729167,0.37750000075,782,3.12999988,0.101100002,0,6.4000001,58,3881,0,202.54199219,2.804999945,0
"2017-01-27 03:59:56",50,5.29999971,56,4206,5.88999987,59,4665,14.770000267,0.02,5.4000001,5.4000001,3.6983193792437,3.6983193792437,3.6983193792437,291.72000122,10.280000209,9.867999747,3.38739501831933,14.1529415740336,0.168067228403361,7.810000086,9.982999609,3.28403369714286,13.8949580470588,0.371428572857143,782,3.13999987,0.0398,0,6.4000001,58,4422,0,202.54199219,2.841999908,0
"2017-01-27 04:09:58",50,5.19999981,56,4326,5.87999964,59,4546,0.1,11.350000083,5.4025000975,5.4025000975,3.69750005225,3.69750005225,3.69750005225,291.72000122,10.450000285,9.872999861,3.38500006791667,14.1908337576667,0.154166667166667,7.240000106,9.982999705,3.36333343183333,13.9125000554167,0.37583333425,783,3.14999986,0.0382,0,6.4000001,58,4268,0,202.54199219,2.845999904,0
"2017-01-27 04:19:55",50,5.0999999,56,4342,5.90999985,59,4899,0.1,12.940000152,5.71176482546218,5.04033616142857,3.72352943823529,2.5000000210084,2.28067228865546,217.988562448571,10.419999981,9.825999737,0.969747916302521,14.4487397560504,0.0420168067226891,7.900000098,9.936999607,0.967226913865546,14.0966388231092,0.122689076134454,782,3.13999987,0.0369,0,6.4000001,58,4200,20.130000114,119.978523174538,2.73699994,0.46974790394958
"2017-01-27 04:29:56",50,5.46999979,56,4572,5.75999975,59,4544,13.06,0,5.16333342358333,5.47750007283333,3.74333336475,1.80333334666667,1.94000001808333,188.49598694,10.330000209,9.871999835,0,14.5641669105,0,8.30000019,9.984999847,0,14.30000019,0,782,3.07999992,0.0399,0,6.5999999,58,3989,0,202.646498742083,2.641999868,0
"2017-01-27 04:39:58",49,5.51999998,56,4411,5.73000002,59,4945,19.260000648,0.01,5.78333343625,4.85166668883333,3.731666685,2.02333334125,1.70833334375,188.49598694,10.180000019,9.864999772,0,14.560000228,0,8.810000228,9.982999801,0,14.301666863,0,780,3.06999993,0.071500008,0,6.4000001,58,3942,0,202.83074951,2.670999839,0
"2017-01-27 04:49:55",49,5.48999977,56,4659,5.71000004,59,4687,0.1,12.210000261,4.87394965966387,5.74369752689076,3.72941178521008,1.69579832521008,2.00252102260504,188.49598694,10.030000114,9.873999787,0,14.5697481642017,0,9.060000228,9.984999751,0,14.3008405293277,0,781,3.07999992,0.073600006,0,6.4000001,58,3979,0,202.83074951,2.699000051,0
"2017-01-27 04:59:57",49,5.48999977,56,4253,5.71000004,59,4968,0.1,14.179999972,5.45500009816667,5.22666671258333,3.75333335275,1.91333334075,1.840000012,188.49598694,10.110000228,9.86799984,0,14.5591668915,0,8.150000191,9.985999678,0,14.30000019,0,783,3.07999992,0.0683,0,6.4000001,58,4440,0,202.83074951,2.732000018,0
"2017-01-27 05:09:55",49,5.48999977,56,4853,5.65999985,59,4690,13.380000076,0,5.47563035907563,5.18907567016807,3.73613446764706,1.91680672815126,1.8193277394958,188.49598694,10.380000494,9.876999759,0,14.5596640922689,0,7.760000135,9.976999855,0,14.30000019,0,781,3.06999993,0.063,0,6.4000001,58,4292,0,202.83074951,2.760999989,0
"2017-01-27 05:19:56",49,5.52999973,56,4404,5.62999964,59,4664,13.110000133,0.07,4.92666674425,5.68500003008333,3.72583335741667,1.71000000875,1.98500001491667,218.415990193333,10.460000323,9.828999901,1.95750003225,14.38083342675,0.0475,8.40000019,9.942999649,1.79333333675,14.1633333444167,0.14166667125,781,3.07999992,0.0588,0,6.4000001,58,4204,19.470000266,119.99238423475,2.690999961,0.402499997666667
"2017-01-27 05:29:59",49,5.44999981,56,4337,6.02999973,59,4858,0.11,11.210000152,5.7675000665,4.86083335075,3.74833336191667,2.03416667625,1.71416668566667,233.37599182,10.440000342,9.858999825,2.9658333565,14.0916666745833,0.0891666666666667,8.75000019,9.976999855,2.89500000275,13.8333332145833,0.265833341916667,783,3.12999988,0.04,0,6.4000001,58,3918,0,201.928487013667,2.601999902,0
"2017-01-27 05:39:55",49,5.36999989,56,4020,6.08999968,59,4912,0.11,16.910000228,5.11344546596639,5.53781512605042,3.72268910294118,1.78235295504202,1.94033614789916,233.37599182,10.280000114,9.868999768,2.95462187462185,14.1966386682353,0.0789915966386555,9.000000095,9.972999763,2.94033613722689,13.9529410535294,0.247899167647059,782,3.05999994,0.0365,0,6.4000001,58,3860,0,202.79194641,2.641999868,0
"2017-01-27 05:49:57",50,5.27999973,56,4571,6.05999994,59,4906,13.690000688,0,5.28916677591667,5.23750002375,3.73500002316667,1.83916667333333,1.83416668233333,233.37599182,10.110000228,9.862999916,2.92833335558333,14.1716666856667,0.08,9.010000228,9.983999632,2.90583333583333,13.9224998796667,0.2533333415,784,3.11999989,0.0338,0,6.4000001,58,3912,0,202.79194641,2.677999904,0
"2017-01-27 05:59:59",50,5.23999977,56,4452,6.05999994,59,4998,19.15000042,0.01,5.69333342675,4.96666673,3.74750002741667,2.00000001666667,1.74750001075,233.37599182,10.10000019,9.860999775,2.9275000235,14.2008333523333,0.0791666666666667,7.710000134,9.97199974,2.93000000216667,13.9566665495,0.247500007916667,784,3.12999988,0.036,0,6.4000001,58,4493,0,202.79194641,2.713000037,0
"2017-01-27 06:09:56",49,5.11999989,56,4583,6.05999994,59,4976,0.1,11.160000152,4.87394967563025,5.83277314436975,3.73277312647059,1.69243698403361,2.04033614243697,233.37599182,9.540000152,9.859999944,2.8974790112605,14.1731092708403,0.0798319327731093,8.970000266,9.972999667,2.9621848787395,13.8957981788235,0.26386555487395,785,3.11999989,0.0364,0,6.4000001,58,4261,0,202.79194641,2.75999999,0
"2017-01-27 06:19:58",50,5.01999998,56,4449,6.08999968,59,5352,0.1,14.520000418,5.55583342675,4.97666672841667,3.742500028,1.93666667575,1.74500001733333,253.01099205125,9.740000437,9.822999763,2.95500002083333,14.0900000095,0.09,9.270000266,9.933999921,2.90250000333333,13.8333331908333,0.266666675333333,785,3.11999989,0.038,0,6.5,58,4141,17.870000385,124.73243530725,2.712999964,0.403333338083333
"2017-01-27 06:29:55",49,5.38000011,56,4523,5.85999966,59,5135,11.820000419,0,5.2781513594958,5.35126050579832,3.73613448848739,1.86386556033613,1.87226892815126,264.79199219,9.890000437,9.862999915,2.94621850865546,14.1983193389076,0.0789915966386555,9.50000019,9.975999832,2.94621848941176,13.9647057881513,0.247899167563025,784,2.99000001,0.0341,0,6.5999999,58,4006,2.989999962,201.081956880756,2.64299989,0
"2017-01-27 06:39:57",49,5.42999983,56,4597,5.76999998,59,5021,22.400000459,0.01,5.18083339508333,5.49583338875,3.73000002,1.807500005,1.922500015,264.79199219,9.860000323,9.860999869,2.895833359,14.1741667030833,0.08,9.500000095,9.978999709,2.92750000583333,13.9349998875833,0.251666674666667,784,3.12999988,0.036,0,6.5,58,3945,0,202.57902527,2.754999995,0
"2017-01-27 06:49:59",49,5.4000001,56,4404,5.67000008,59,5003,0.1,11.749999962,5.65166679175,4.98250003641667,3.74416668908333,1.96833334208333,1.74500001325,264.79199219,9.780000114,9.866999818,2.92666668891667,14.201666673,0.08,9.370000361,9.980999755,2.94416666941667,13.9608332399167,0.248333341333333,787,3.12999988,0.0372,0,6.5,58,4002,0,202.57902527,2.858999897,0
"2017-01-27 06:59:56",49,5.4000001,56,4800,5.62999964,58,5198,0.1,15.340000209,4.92857154033613,5.7369748202521,3.73529413445378,1.73025210588235,2.00504202857143,264.79199219,9.450000285,9.868999768,2.90756304840336,14.1773109515126,0.080672268907563,9.280000114,9.974999617,2.96890756462185,13.9033612088235,0.264705891092437,786,3.12999988,0.0373,0,6.5,58,4418,0,202.57902527,2.894999865,0
"2017-01-27 07:09:58",49,5.4000001,56,4784,5.50999975,59,5207,10.280000611,0.01,5.44000008075,5.16583337766667,3.7391666775,1.90250000375,1.80583334,264.79199219,9.450000285,9.86999979,0.914166671916667,14.420000266,0.03,9.210000038,9.983999824,0.865833334083333,14.1500001029167,0.07833333575,788,3.12999988,0.036,0,6.5,58,4252,0,202.57902527,2.923999836,0
"2017-01-27 07:19:55",49,5.42999983,56,4679,5.44999981,59,5140,18.330000477,0.05,5.39243705302521,5.28067232957983,3.75630253563025,1.8974789994958,1.85882353613445,219.911989101765,9.750000285,9.84499979,0,14.60000038,0,9.490000152,9.94999981,0,14.30000019,0,787,3.07999992,0.0355,0,6.5,58,4203,16.90000019,125.418863678487,2.873999881,0.473949584621849
"2017-01-27 07:29:57",49,5.33999968,56,4498,5.80999994,58,4978,0.1,8.660000076,4.99916679808333,5.68000005066667,3.725000025,1.7391666775,1.9858333475,188.49598694,10.00000019,9.863999844,0,14.60000038,0,9.669999981,9.980999755,0,14.30000019,0,787,3.07999992,0.0618,0,6.5,58,3949,2.989999962,199.370949298917,2.889999868,0
"2017-01-27 07:39:59",50,5.3499999,56,4488,5.9000001,58,5051,0.1,19.430000114,5.73250010766667,4.813333384,3.7325000175,1.9891666775,1.6816666725,188.49598694,10.05000019,9.867999651,0,14.60000038,0,9.640000152,9.984999751,0,14.30000019,0,787,3.06999993,0.068,0,6.5,58,3928,0,202.86238098,2.932999851,0
"2017-01-27 07:49:56",49,5.32999992,56,4553,5.87999964,58,4843,10.040000076,0,5.1042017892437,5.54453785663866,3.74537816218487,1.79831932983193,1.94705883235294,188.49598694,10.030000209,9.873999692,0,14.60000038,0,9.590000247,9.988999747,0,14.30000019,0,788,3.06999993,0.0679,0,6.5,58,4023,0,202.86238098,2.938999821,0
"2017-01-27 07:59:58",49,5.33999968,55,4337,5.86999989,58,4766,19.5100004,0.03,5.36250011083333,5.3250000475,3.7308333525,1.8641666775,1.866666675,188.49598694,9.740000057,9.870999718,0,14.60000038,0,9.470000266,9.987999916,0,14.30000019,0,785,3.06999993,0.0696,0,6.5,58,4550,0,202.86238098,2.944999935,0
"2017-01-27 08:09:55",50,5.28999996,55,4541,5.86999989,58,5062,0.1,8.590000152,5.62016819655462,5.03025214394958,3.73361346798319,1.94537815966387,1.75714287092437,188.49598694,9.750000095,9.864999868,0,14.60000038,0,9.530000114,9.986999893,0,14.30000019,0,788,3.07999992,0.063,0,6.5,58,4357,0,202.86238098,2.93999982,0
"2017-01-27 08:19:57",50,5.26999998,55,4283,5.9000001,58,4629,0.11,15.620000323,4.88916678383333,5.75083336816667,3.75166667333333,1.72166666791667,2.03000000541667,183.633996327083,9.830000304,9.832999896,0,14.60000038,0,9.500000095,9.942999745,0,14.30000019,0,787,3.06999993,0.0627,0,6.5,58,4268,16.570000076,127.504932478917,2.901999906,0.395000012666667
"2017-01-27 08:29:59",50,5.55999994,55,4248,5.76999998,58,4679,9.37,0,5.72833348058333,4.94583338083333,3.7325000175,1.99333334,1.7391666775,179.52000427,9.780000114,9.863999655,0,14.60000038,0,9.590000247,9.984999751,0,14.30000019,0,787,3.06999993,0.0634,0,6.5999999,58,4058,2.989999962,197.683438749833,2.927999904,0
"2017-01-27 08:39:56",50,5.69000006,56,4266,5.75,58,4672,22.20000061,0.02,5.14957995327731,5.36134457773109,3.73781515697479,1.79663866756303,1.87899161462185,179.52000427,9.830000304,9.866999722,0,14.60000038,0,9.600000285,9.988999747,0,14.30000019,0,787,3.06999993,0.066,0,6.5,58,3976,0,202.89509583,2.928999831,0
"2017-01-27 08:49:58",50,5.67999983,56,4164,5.73999977,58,4666,0.1,8.730000114,5.20333348058333,5.50166668883333,3.74000003058333,1.80666668483333,1.93333334575,179.52000427,9.890000342,9.864999962,-0.000833333333333333,14.60000038,0,9.460000323,9.986999797,0,14.30000019,0,789,3.06999993,0.067100001,0,6.5,58,4024,0,202.89509583,2.918999841,0
"2017-01-27 08:59:57",50,5.67000008,56,4056,5.75,58,4595,0.11,20.85000019,5.78403374277311,4.92605043453782,3.73025212058824,2.00588236386555,1.72436975672269,179.52000427,9.680000209,9.861999893,0,14.60000038,0,9.260000038,9.983999824,0,14.30000019,0,788,3.06999993,0.0635,0,6.4000001,58,4387,0,202.89509583,2.905999854,0
"2017-01-27 09:09:57",50,5.67000008,56,4190,5.69000006,58,4463,9.630000229,0,4.94166680125,5.69583338083333,3.7416666895,1.7191666725,1.99166668325,179.52000427,9.640000057,9.872999858,0,14.60000038,0,9.340000342,9.980999851,0,14.30000019,0,789,3.07999992,0.0669,0,6.4000001,58,4298,0,202.89509583,2.897999862,0
"2017-01-27 09:19:59",50,5.69999981,56,4146,5.65999985,58,4654,19.660000382,0.01,5.68583346358333,5.05250005108333,3.72083337266667,2.78500002941667,2.56833336683333,250.243391800583,9.939999962,9.82899971,1.65416669066667,14.3958336341667,0.0925000020833333,9.520000171,9.95199976,1.49583337841667,14.1841668835833,0.165833336166667,788,3.06999993,0.072000003,0,6.4000001,58,4193,14.090000152,128.586642942917,2.842999912,0.481666660333333
"2017-01-27 09:29:58",51,5.56999969,56,4056,5.94999981,58,4736,0.1,5.650000076,5.43865552352941,5.43865552352941,3.69663870848739,3.69663870848739,3.69663870848739,318.64797974,10.19999981,9.861999893,3.37731099428571,14.1504205241176,0.168067228571429,9.719999886,9.971999644,3.29075640327731,13.9000000830252,0.381512605966387,790,3.13999987,0.048,0,6.4000001,58,4090,6,194.089498185042,2.822999931,0
"2017-01-27 09:39:58",51,5.53999996,55,4102,6.0999999,59,4539,0.1,22.780000114,5.40666676,5.40666676,3.69750005225,3.69750005225,3.69750005225,318.64797974,10.15,9.86199961,3.37083339775,14.1966670735833,0.149166666666667,9.679999924,9.991999816,3.29250009941667,13.9316667395,0.369166667416667,790,3.13999987,0.042,0,6.4000001,58,3970,0,202.865448,2.898999861,0
"2017-01-27 09:49:59",51,5.44999981,55,4043,6.08999968,59,4635,9.670000229,0.01,5.41764714117647,5.41764714117647,3.69579837310924,3.69579837310924,3.69579837310924,318.64797974,10.070000266,9.862999822,3.38403366983193,14.1722693306723,0.150420168067227,9.510000228,9.984999655,3.32857153336134,13.8949580470588,0.38151260605042,790,3.13999987,0.039,0,6.4000001,58,3980,0,202.865448,2.89999986,0
"2017-01-27 09:59:57",51,5.4000001,55,4102,6.07999992,58,4484,22.8222222633333,0,5.40666676,5.40666676,3.69750005225,3.69750005225,3.69750005225,318.64797974,9.73333348111111,9.86444420555556,3.3875000575,14.1716670894167,0.151666666666667,9.25555557666667,9.98333295,3.34166677425,13.8925000744167,0.382500000833333,790,3.13999987,0.0376666666666667,0,6.4000001,58,4450,0,202.865448,2.89555542,0
"2017-01-27 10:09:59",52,5.27999973,55,4396,6.07999992,58,4595,0.1,2.76,5.4691666975,5.4691666975,3.69666671966667,3.69666671966667,3.69666671966667,318.64797974,9.600000285,9.861999704,3.39166673141667,14.1950004164167,0.1475,9.30000019,9.983999632,3.36583343566667,13.9266667521667,0.37500000075,790,3.14999986,0.0379,0,6.4000001,58,4294,0,202.865448,2.885999874,0
"2017-01-27 10:19:56",52,5.17999983,55,4296,6.11999989,59,4962,0.1,25.60000038,5.65126060932773,5.1865546694958,3.71596642680672,2.93445381546218,2.77142860462185,299.979423203025,9.780000209,9.839999867,3.21176475151261,14.1260506357143,0.123529411764706,9.370000076,9.952999591,3.19411770436975,13.875630242521,0.33781513,789,3.13999987,0.0414,0,6.4000001,58,4153,10.730000114,132.499651859496,2.858999897,0.456302522605042
"2017-01-27 10:29:58",52,5.38999987,56,4472,5.88999987,59,4973,3.380000153,0.03,5.49250016941667,5.24250005858333,3.71916670166667,1.89333334833333,1.82583335333333,278.25601196,9.940000247,9.841000078,2.931666693,14.1950000126667,0.0775,9.510000038,9.94699974,2.90750000183333,13.934166559,0.254166674916667,788,3.0999999,0.038,0,6.5999999,58,4031,9,190.480604994583,2.817999935,0
"2017-01-27 10:39:59",53,5.57999992,56,4327,5.82999992,58,4552,29.850001108,0,5.57916679333333,5.1516667205,3.721666695,1.9250000125,1.7966666825,278.25601196,9.930000399,9.853999711,2.91750002891667,14.1666666745833,0.0791666666666667,9.440000152,9.968999767,2.90666667233333,13.96749990025,0.247500007916667,788,3.12999988,0.079800003,0,6.5,58,3957,0,202.93202209,2.87999988,0
"2017-01-27 10:49:56",53,5.55999994,56,4497,5.73000002,58,4879,0.1,2.889999962,4.94285729294118,5.78655475277311,3.72184876764706,1.69327731932773,1.99747901092437,278.25601196,9.900000475,9.847999857,2.92857145546219,14.1957983368908,0.0781512605042017,9.330000304,9.972999859,2.88571428890756,13.9361343468067,0.251260512352941,787,3.13999987,0.0359,0,6.5,58,3982,0,202.93202209,2.898999861,0
"2017-01-27 10:59:58",53,5.54999971,56,4763,5.67999983,58,4962,0.1,26.420000456,5.87000013933333,4.90583344258333,3.74583336233333,2.03166668075,1.71416668158333,278.25601196,9.690000152,9.848999881,2.91750002075,14.1633333444167,0.0825,9.040000247,9.965999698,2.90666666725,13.8533331955833,0.266666675416667,790,3.12999988,0.0387,0,6.5,58,4304,0,202.93202209,2.890999869,0
"2017-01-27 11:09:55",54,5.54999971,56,5065,5.57999992,58,5134,3.360000076,0,5.18907575798319,5.59159675521008,3.73025212058824,1.78739496680672,1.94285715378151,278.25601196,9.50000019,9.847999859,2.60504203915966,14.1966387321008,0.073109243697479,8.970000266,9.969999694,2.53277311151261,14.0134453254622,0.213445385042017,790,3.11999989,0.0379,0,6.4000001,58,4355,0,202.93202209,2.886999873,0
"2017-01-27 11:19:57",54,5.57999992,56,4588,5.48999977,58,5213,24.290000401,0,5.2375001425,5.26166673475,3.73750002491667,1.81333333875,1.8325000175,270.776000976667,9.860000133,9.827999877,1.22250001308333,14.4333335629167,0.0325,9.080000399,9.940999699,1.08416666683333,14.1925000981667,0.0891666695,790,3.06999993,0.039,0,6.4000001,58,4193,8.580000114,135.377284387833,2.858999898,0.447500006333333
"2017-01-27 11:29:59",54,5.46000004,56,4508,5.71999979,59,5129,0.1,2.729999962,5.704166825,5.08333343625,3.74166669558333,1.96250001241667,1.77916668316667,260.3039856,10.180000019,9.822999761,2.91083334366667,14.17583336025,0.08,9.420000361,9.938999748,2.91999999966667,13.9549998844167,0.253333341666667,790,3.12999988,0.045,0,6.4000001,58,3948,11.95000038,186.701513927417,2.754999971,0
"2017-01-27 11:39:57",55,5.40999985,56,4873,5.92000008,59,4906,0.1,25.890000342,4.93361356831933,5.87058833428571,3.72100843235294,1.69243698403361,2.02857144831933,260.3039856,10.130000209,9.840999794,2.92773109991597,14.2075630635294,0.0781512605042017,9.430000304,9.966999721,2.90588235764706,13.927730977479,0.255462193193277,790,3.11999989,0.0359,0,6.4000001,58,3902,0,202.91055298,2.868999888,0
"2017-01-27 11:49:58",55,5.32999992,56,4569,5.9000001,59,5386,3.360000076,0,5.80250015991667,4.91583342516667,3.73750002491667,1.99250001575,1.71416667541667,260.3039856,10.060000228,9.846999646,2.9216666865,14.1791666904167,0.08,9.30000019,9.960999679,2.96916666625,13.91333321775,0.262500008583333,790,3.12999988,0.0351,0,6.4000001,58,3953,0,202.91055298,2.898999861,0
"2017-01-27 11:59:55",55,5.28999996,56,4813,5.9000001,59,5133,30.510000765,0,5.35882363957983,5.40420179563025,3.72352943823529,1.84453782983193,1.87899160840336,260.3039856,9.760000133,9.838999747,2.97899161672269,14.1193277454622,0.0890756302521008,8.990000247,9.956999587,2.90840336546218,13.8336134278151,0.286554630672269,790,3.11999989,0.0363,0,6.5,58,4386,0,202.91055298,2.885999874,0
"2017-01-27 12:09:58",56,5.17000008,56,5001,5.88999987,59,5238,0.1,0.640000019,5.25250013616667,5.54583340458333,3.72333336,1.800833345,1.922500015,260.3039856,9.560000228,9.837999819,2.922500026,14.17333335075,0.0808333333333333,8.980000114,9.95599966,2.905000007,13.8866667743333,0.296666675166667,791,3.08999991,0.042600001,0,6.5,58,4434,0,202.91055298,2.873999886,0
"2017-01-27 12:19:55",56,5.07999992,56,4882,5.92000008,59,5506,0.1,25.470000242,5.79747916403361,4.75126055689076,3.7302521289916,2.00756303865546,1.66050421554622,233.753128952605,9.620000076,9.825999831,1.83781513848739,14.317647220084,0.0521008403361345,9.040000152,9.938999748,1.84957983159664,14.0285716568908,0.202521013697479,792,3.13999987,0.035,0,6.5,58,4277,8.120000266,141.519955754034,2.843999913,0.449579833529412
"2017-01-27 12:29:57",57,5.23000002,56,4943,5.73000002,59,5150,0.1,0.01,4.95416678541667,5.77166671733333,3.725000025,1.71416667125,2.01083335375,188.49598694,9.830000304,9.818999767,0,14.5991670435,0,9.2,9.937999726,0,14.30000019,0,791,3.06999993,0.0328,0,6.5999999,58,4129,11.930000114,183.168448131167,2.718000008,0
